bin,n,p_mean,y_freq,ci_lo,ci_hi,error_ci_lo,error_ci_hi
0,1638,0.01610225885225885,0.006105006105006105,0.002682539084776036,0.00998175296319401,-0.013803827617604365,-0.005942766898075469
1,467,0.06938758029978588,0.03640256959314775,0.02140364526006124,0.05188759103880063,-0.04772300420168069,-0.018137742524634716
2,276,0.12383333333333332,0.09782608695652174,0.06566979992648217,0.13541834677419354,-0.05791412837837838,0.0114711248666945
3,157,0.17444267515923567,0.12101910828025478,0.07141705069124424,0.17519685910196858,-0.10444820799798794,0.0011578764677880105
4,127,0.22387401574803148,0.16535433070866143,0.10429818555289284,0.2246376811594203,-0.12030732313927775,0.001293492316341934
5,97,0.2742164948453608,0.2268041237113402,0.1481029810298103,0.3055637254901961,-0.1261252520161291,0.03238201559934311
6,66,0.3275075757575758,0.36363636363636365,0.25443181818181815,0.46875,-0.07594360859728502,0.14093604572510823
7,62,0.3756209677419355,0.27419354838709675,0.16666666666666666,0.38596491228070173,-0.20893449074074077,0.01018888888888874
8,51,0.4260098039215687,0.3137254901960784,0.1864092906465788,0.4390952921157118,-0.2401818664236707,0.013987864583333327
9,70,0.4712928571428571,0.3142857142857143,0.2075309043591412,0.4321071071071071,-0.2657189285714285,-0.03726395239880065
10,101,0.5128217821782178,0.2871287128712871,0.18996698113207547,0.41668956043956046,-0.32209827655485673,-0.10098776640026663
11,46,0.5741195652173914,0.391304347826087,0.24319664492078286,0.5532505910165484,-0.3306726851851851,-0.022291319444444506
12,40,0.6244375,0.75,0.6078431372549019,0.8857142857142857,-0.015244517543859758,0.26024941860465123
13,35,0.6690571428571429,0.5428571428571428,0.3870967741935484,0.6923076923076923,-0.2797983870967743,0.02131206896551719
14,34,0.7249117647058823,0.5882352941176471,0.41379310344827586,0.75,-0.3105663793103448,0.02211845238095214
15,31,0.7776774193548387,0.8064516129032258,0.6551724137931034,0.9333870967741935,-0.12025653286637943,0.15549036458333315
16,53,0.8269716981132075,0.7924528301886793,0.6923076923076923,0.8936170212765957,-0.13424340909090904,0.06822359375000005
17,41,0.8709756097560976,0.7317073170731707,0.6,0.8666981132075472,-0.26992289772727274,-0.005268370729219833
18,74,0.929918918918919,0.9594594594594594,0.9027493169398907,1.0,-0.02442489730046938,0.06927915816326517
19,129,0.9715348837209302,0.9922480620155039,0.9741379310344828,1.0,0.00215311624649846,0.029800769847412516
